{"cameraMode":{"drawMode":0,"name":"Shaded","section":"Shading Mode"},"sceneLighting":false,"audioPlay":false,"sceneViewState":{"showFog":true,"showMaterialUpdate":false,"showSkybox":true,"showFlares":true,"showImageEffects":true,"showParticleSystems":true},"in2DMode":false,"pivot":{"x":1.2568626403808594,"y":163.00205993652345,"z":1.5337209701538087},"rotation":{"x":-0.10595937073230744,"y":-0.7317661046981812,"z":0.11694393306970597,"w":-0.6630348563194275},"size":18.189495086669923,"orthographic":false}