{"cameraMode":{"drawMode":0,"name":"Shaded","section":"Shading Mode"},"sceneLighting":false,"audioPlay":false,"sceneViewState":{"showFog":true,"showMaterialUpdate":false,"showSkybox":true,"showFlares":true,"showImageEffects":true,"showParticleSystems":true},"in2DMode":false,"pivot":{"x":0.27870362997055056,"y":0.6721833944320679,"z":-0.4860072135925293},"rotation":{"x":-0.39150258898735049,"y":0.4420577883720398,"z":-0.22314652800559998,"w":-0.7755748629570007},"size":0.04569840431213379,"orthographic":false}