{"cameraMode":{"drawMode":0,"name":"Shaded","section":"Shading Mode"},"sceneLighting":true,"audioPlay":false,"sceneViewState":{"showFog":true,"showMaterialUpdate":false,"showSkybox":true,"showFlares":true,"showImageEffects":true,"showParticleSystems":true},"in2DMode":false,"pivot":{"x":220.89259338378907,"y":-18.768653869628908,"z":207.00775146484376},"rotation":{"x":-0.4330093562602997,"y":0.5582550764083862,"z":-0.4301173985004425,"w":-0.5620082020759583},"size":32.725921630859378,"orthographic":false}