{"cameraMode":{"drawMode":0,"name":"Shaded","section":"Shading Mode"},"sceneLighting":true,"audioPlay":false,"sceneViewState":{"showFog":true,"showMaterialUpdate":false,"showSkybox":false,"showFlares":true,"showImageEffects":true,"showParticleSystems":true},"in2DMode":false,"pivot":{"x":-6.876282215118408,"y":0.23298215866088868,"z":6.573409080505371},"rotation":{"x":-0.11623672395944596,"y":0.42941462993621828,"z":-0.055836133658885959,"w":-0.8938909769058228},"size":5.4225335121154789,"orthographic":false}