{"cameraMode":{"drawMode":0,"name":"Shaded","section":"Shading Mode"},"sceneLighting":true,"audioPlay":false,"sceneViewState":{"showFog":true,"showMaterialUpdate":false,"showSkybox":false,"showFlares":true,"showImageEffects":true,"showParticleSystems":true},"in2DMode":false,"pivot":{"x":109.03926849365235,"y":154.36248779296876,"z":127.5301513671875},"rotation":{"x":0.03180021047592163,"y":0.013567652553319931,"z":-0.00046046634088270366,"w":0.9994348883628845},"size":3.189354419708252,"orthographic":false}